s2,,,,,,,,,,,,,,,,,,,,,,,1,,,,,,,,,,,,,,
,,,,,,,,,,,,,,,,,,,,,acc,,,,,,,,,,,,,,,,
,s4,,,,,,,,,,,,,,,,,,,,,,,3,,,,,,,,,,,,,
,,,,s12,,,,s10,s11,,,,,s14,,,,,,s9,,,,,,,,5,6,,7,,,8,13,,
,,s17,,s18,,,,,,,,,,,,,,,,,,,,,15,16,,,,,,,,,,,
,,,,,,,,,,,,,,,,,,,,,r1,,,,,,,,,,,,,,,,
,,,,s12,,,,s10,s11,,,,,s14,,,,,,s9,,,,,,,,19,6,,7,,,8,13,,
,,,,s12,,,,s10,s11,,,,,s14,,,,,,s9,,,,,,,,20,6,,7,,,8,13,,
,,,,s12,,,,s10,s11,,,,,s14,,,,,,s9,,,,,,,,21,6,,7,,,8,13,,
,,,,,,,,,,,,,,,,,,,,,r29,,,,,,,,,,,,,,,,
,,,,s22,,,,,,,,,,,,,,,,,,,,,,,,,,,,,,,,,
,,,,s26,,,,,,s24,s25,,,,,,,,,,,,,,,,,,,23,,,,,,,
,,,,,,,,,,,,s27,,,,,,,,,,,,,,,,,,,,,,,,,
,,,,s12,,,,s10,s11,,,,,s14,,,,,s32,,,,,,,,,,29,,30,,,31,13,,28
,,,,,,,,,,,,,,,s33,,,,,,,,,,,,,,,,,,,,,,
,,,,r2,,,,r2,r2,,,,,r2,,,,,,r2,,,,,,,,,,,,,,,,,
,,s17,,s18,,,,,,,,,,,,,,,,,,,,,34,16,,,,,,,,,,,
,,,s35,,,,,,,,,,,,,,,,,,,,,,,,,,,,,,,,,,
,,,,,s37,s38,s39,,,,,,,,,,,,,,,,,,,,36,,,,,,,,,,
,,,,,,,,,,,,,,,,,,,,,r9,,,,,,,,,,,,,,,,
,,,,,,,,,,,,,,,,,,,,,r15,,,,,,,,,,,,,,,,
,,,,,,,,,,,,,,,,,,,,,r21,,,,,,,,,,,,,,,,
,,,s40,,,,,,,,,,,,,,,,,,,,,,,,,,,,,,,,,,
,,,s41,,,,,,,,,,,,,,,,,,,,,,,,,,,,,,,,,,
,,,r12,,,,,,,,,,,,,,,,,,,,,,,,,,,,,,,,,,
,,,r13,,,,,,,,,,,,,,,,,,,,,,,,,,,,,,,,,,
,,,r14,,,,,,,,,,,,,,,,,,,,,,,,,,,,,,,,,,
,,,,s44,,,,,,,s45,,,,,,,,,,,,,,,,,,,,,42,43,,,,
,,,,r22,,,,r22,r22,,,,,r22,,,,,r22,r22,,,,,,,,,,,,,,,,,
,,,,s12,,,,s10,s11,,,,,s14,,,,,s32,,,,,,,,,,29,,30,,,31,13,,46
,,,,s12,,,,s10,s11,,,,,s14,,,,,s32,,,,,,,,,,29,,30,,,31,13,,47
,,,,s12,,,,s10,s11,,,,,s14,,,,,s32,,,,,,,,,,29,,30,,,31,13,,48
,,,,r28,,,,r28,r28,,,,,r28,,,,,r28,r28,,,,,,,,,,,,,,,,,
,,,,s44,,,,,,,s45,,,,,,,,,,,,,,,,,,,,,,50,,,49,
,,,,r3,,,,r3,r3,,,,,r3,,,,,,r3,,,,,,,,,,,,,,,,,
,,,,r4,,,,r4,r4,,,,,r4,,,,,,r4,,,,,,,,,,,,,,,,,
,,,s51,,,,,,,,,,,,,,,,,,,,,,,,,,,,,,,,,,
,,,r6,,,,,,,,,,,,,,,,,,,,,,,,,,,,,,,,,,
,,,r7,,,,,,,,,,,,,,,,,,,,,,,,,,,,,,,,,,
,,,r8,,,,,,,,,,,,,,,,,,,,,,,,,,,,,,,,,,
,,,,r10,,,,r10,r10,,,,,r10,,,,,r10,r10,,,,,,,,,,,,,,,,,
,,,,r11,,,,r11,r11,,,,,r11,,,,,r11,r11,,,,,,,,,,,,,,,,,
,,,s52,,,,,,,,,,,,,,,,,,,,,,,,,,,,,,,,,,
,,,r18,,,,,,,,,,s53,,,,,,,,,,,,,,,,,,,,,,,,
,,,r19,,,,,,,,,,r19,,,r19,,r19,,,,,,,,,,,,,,,,,,,
,,,r20,,,,,,,,,,r20,,,r20,,r20,,,,,,,,,,,,,,,,,,,
,,,,r25,,,,r25,r25,,,,,r25,,,,,r25,r25,,,,,,,,,,,,,,,,,
,,,,r26,,,,r26,r26,,,,,r26,,,,,r26,r26,,,,,,,,,,,,,,,,,
,,,,r27,,,,r27,r27,,,,,r27,,,,,r27,r27,,,,,,,,,,,,,,,,,
,,,,,,,,,,,,,,,,s54,,,,,,,,,,,,,,,,,,,,,
,,,,,,,,,,,,,,,,,,s55,,,,,,,,,,,,,,,,,,,
,,r5,,r5,,,,,,,,,,,,,,,,,,,,,,,,,,,,,,,,,
,,,,r16,,,,r16,r16,,,,,r16,,,,,r16,r16,,,,,,,,,,,,,,,,,
,,,,s44,,,,,,,s45,,,,,,,,,,,,,,,,,,,,,,56,,,,
,,,,,,,,,,,,,,,,,s57,,,,,,,,,,,,,,,,,,,,
,,,,s44,,,,,,,s45,,,,,,,,,,,,,,,,,,,,,,58,,,,
,,,r17,,,,,,,,,,,,,,,,,,,,,,,,,,,,,,,,,,
,,,,r23,,,,r23,r23,,,,,r23,,,,,r23,,,,,,,,,,,,,,,,,,
,,,,,,,,,,,,,,,,r24,,,,,,,,,,,,,,,,,,,,,
